learning_rate,gamma,net_dimension,batch_size,window,train_start,train_end,val_start,val_end,total_return,sharpe_ratio,max_drawdown,final_value,exp_key
1e-05,0.9,"[32, 16]",256,1,2025-02-01,2025-05-31,2025-06-01,2025-06-30,0.03558900503781115,4.072717184321143,-0.04432390883353817,1035589.0050378112,lr1e-05_g0.9_net32x16_bs256
1e-05,0.9,"[32, 16]",256,2,2025-04-01,2025-07-31,2025-08-01,2025-08-31,0.04178229975893011,3.858545049294815,-0.03243329251054829,1041782.2997589301,lr1e-05_g0.9_net32x16_bs256
1e-05,0.9,"[32, 16]",256,3,2025-06-01,2025-09-30,2025-10-01,2025-10-31,0.002960067826507373,-0.4900363291099984,-0.038201630020560914,1002960.0678265074,lr1e-05_g0.9_net32x16_bs256
1e-05,0.9,"[32, 16]",512,1,2025-02-01,2025-05-31,2025-06-01,2025-06-30,0.07015127672586274,12.207669584637905,-0.01990752963727638,1070151.2767258626,lr1e-05_g0.9_net32x16_bs512
1e-05,0.9,"[32, 16]",512,2,2025-04-01,2025-07-31,2025-08-01,2025-08-31,0.07121861544952801,6.661686969918577,-0.026057668983480383,1071218.615449528,lr1e-05_g0.9_net32x16_bs512
1e-05,0.9,"[32, 16]",512,3,2025-06-01,2025-09-30,2025-10-01,2025-10-31,0.024644569144300466,2.5152815068869208,-0.032054981393339864,1024644.5691443005,lr1e-05_g0.9_net32x16_bs512
1e-05,0.9,"[32, 16]",1024,1,2025-02-01,2025-05-31,2025-06-01,2025-06-30,0.09762689222340426,10.30657515689722,-0.0161017026926026,1097626.8922234043,lr1e-05_g0.9_net32x16_bs1024
1e-05,0.9,"[32, 16]",1024,2,2025-04-01,2025-07-31,2025-08-01,2025-08-31,0.08438914814833431,7.274750715058966,-0.020925611175749606,1084389.1481483344,lr1e-05_g0.9_net32x16_bs1024
1e-05,0.9,"[32, 16]",1024,3,2025-06-01,2025-09-30,2025-10-01,2025-10-31,0.020617632517813123,2.1013001849759645,-0.04331878612025753,1020617.6325178131,lr1e-05_g0.9_net32x16_bs1024
1e-05,0.9,"[64, 32]",256,1,2025-02-01,2025-05-31,2025-06-01,2025-06-30,-0.0056991160278715425,-0.8612503264022691,-0.06959726799421075,994300.8839721285,lr1e-05_g0.9_net64x32_bs256
1e-05,0.9,"[64, 32]",256,2,2025-04-01,2025-07-31,2025-08-01,2025-08-31,0.08491590633922219,7.589243386067183,-0.021970240250076274,1084915.906339222,lr1e-05_g0.9_net64x32_bs256
1e-05,0.9,"[64, 32]",256,3,2025-06-01,2025-09-30,2025-10-01,2025-10-31,0.01562618659803605,1.6573150521421824,-0.04359436669788795,1015626.186598036,lr1e-05_g0.9_net64x32_bs256
1e-05,0.9,"[64, 32]",512,1,2025-02-01,2025-05-31,2025-06-01,2025-06-30,0.05744960713179603,6.7029722539417635,-0.034625775588767206,1057449.607131796,lr1e-05_g0.9_net64x32_bs512
1e-05,0.9,"[64, 32]",512,2,2025-04-01,2025-07-31,2025-08-01,2025-08-31,0.032987539306907676,2.35474134716242,-0.04043942397933286,1032987.5393069076,lr1e-05_g0.9_net64x32_bs512
1e-05,0.9,"[64, 32]",512,3,2025-06-01,2025-09-30,2025-10-01,2025-10-31,0.0016145068411923535,0.23717494830904606,-0.034253193198988466,1001614.5068411924,lr1e-05_g0.9_net64x32_bs512
1e-05,0.9,"[64, 32]",1024,1,2025-02-01,2025-05-31,2025-06-01,2025-06-30,0.052581071624014264,5.334519221918322,-0.03833106119747826,1052581.0716240143,lr1e-05_g0.9_net64x32_bs1024
1e-05,0.9,"[64, 32]",1024,2,2025-04-01,2025-07-31,2025-08-01,2025-08-31,0.06297131490455055,7.6494114531667226,-0.0202033107295659,1062971.3149045506,lr1e-05_g0.9_net64x32_bs1024
1e-05,0.9,"[64, 32]",1024,3,2025-06-01,2025-09-30,2025-10-01,2025-10-31,0.0717776515969697,5.972304546487419,-0.031966959711433936,1071777.6515969697,lr1e-05_g0.9_net64x32_bs1024
1e-05,0.9,"[128, 64]",256,1,2025-02-01,2025-05-31,2025-06-01,2025-06-30,0.030468249362649802,2.7884944585745552,-0.043976101522880846,1030468.2493626499,lr1e-05_g0.9_net128x64_bs256
1e-05,0.9,"[128, 64]",256,2,2025-04-01,2025-07-31,2025-08-01,2025-08-31,0.0044181754599341705,-0.009116975494187446,-0.05241841042777769,1004418.1754599342,lr1e-05_g0.9_net128x64_bs256
1e-05,0.9,"[128, 64]",256,3,2025-06-01,2025-09-30,2025-10-01,2025-10-31,0.06772301490402022,5.133141836466542,-0.037874232008055515,1067723.0149040201,lr1e-05_g0.9_net128x64_bs256
1e-05,0.9,"[128, 64]",512,1,2025-02-01,2025-05-31,2025-06-01,2025-06-30,0.025376525564004826,2.654687570066843,-0.02846058248561544,1025376.5255640048,lr1e-05_g0.9_net128x64_bs512
1e-05,0.9,"[128, 64]",512,2,2025-04-01,2025-07-31,2025-08-01,2025-08-31,0.06374566032801066,6.551500104831633,-0.02580656440580305,1063745.6603280106,lr1e-05_g0.9_net128x64_bs512
1e-05,0.9,"[128, 64]",512,3,2025-06-01,2025-09-30,2025-10-01,2025-10-31,0.012578065095226743,0.136334323894298,-0.0348104233057737,1012578.0650952267,lr1e-05_g0.9_net128x64_bs512
1e-05,0.9,"[128, 64]",1024,1,2025-02-01,2025-05-31,2025-06-01,2025-06-30,0.05340752064646326,5.794768953548679,-0.03463697269051456,1053407.5206464631,lr1e-05_g0.9_net128x64_bs1024
1e-05,0.9,"[128, 64]",1024,2,2025-04-01,2025-07-31,2025-08-01,2025-08-31,0.0831924508963815,7.484410071279575,-0.039435075212691156,1083192.4508963814,lr1e-05_g0.9_net128x64_bs1024
1e-05,0.9,"[128, 64]",1024,3,2025-06-01,2025-09-30,2025-10-01,2025-10-31,0.04121198461243658,2.808109553932883,-0.050125967363081496,1041211.9846124366,lr1e-05_g0.9_net128x64_bs1024
1e-05,0.95,"[32, 16]",256,1,2025-02-01,2025-05-31,2025-06-01,2025-06-30,0.030040816056638775,3.4362396350918685,-0.03400438499656973,1030040.8160566387,lr1e-05_g0.95_net32x16_bs256
1e-05,0.95,"[32, 16]",256,2,2025-04-01,2025-07-31,2025-08-01,2025-08-31,-0.0016561007834470232,0.5060371160645195,-0.03420713826079814,998343.899216553,lr1e-05_g0.95_net32x16_bs256
1e-05,0.95,"[32, 16]",256,3,2025-06-01,2025-09-30,2025-10-01,2025-10-31,0.10608397356540511,6.834285031859815,-0.03811042038951732,1106083.973565405,lr1e-05_g0.95_net32x16_bs256
1e-05,0.95,"[32, 16]",512,1,2025-02-01,2025-05-31,2025-06-01,2025-06-30,0.0033939619467451276,0.6143932860524491,-0.047176913252580006,1003393.9619467452,lr1e-05_g0.95_net32x16_bs512
1e-05,0.95,"[32, 16]",512,2,2025-04-01,2025-07-31,2025-08-01,2025-08-31,-0.0034143218409937726,-0.13350778957648804,-0.04162444415464227,996585.6781590062,lr1e-05_g0.95_net32x16_bs512
1e-05,0.95,"[32, 16]",512,3,2025-06-01,2025-09-30,2025-10-01,2025-10-31,-0.012129673935081242,-0.9596015062857639,-0.03947792206353384,987870.3260649188,lr1e-05_g0.95_net32x16_bs512
1e-05,0.95,"[32, 16]",1024,1,2025-02-01,2025-05-31,2025-06-01,2025-06-30,0.01710093576385341,1.9656820930174648,-0.05860771221023445,1017100.9357638534,lr1e-05_g0.95_net32x16_bs1024
1e-05,0.95,"[32, 16]",1024,2,2025-04-01,2025-07-31,2025-08-01,2025-08-31,0.03831019651247214,3.5950589947074225,-0.025154383446149436,1038310.1965124721,lr1e-05_g0.95_net32x16_bs1024
1e-05,0.95,"[32, 16]",1024,3,2025-06-01,2025-09-30,2025-10-01,2025-10-31,0.02759751205591976,1.7294787077224343,-0.037219060354694716,1027597.5120559199,lr1e-05_g0.95_net32x16_bs1024
1e-05,0.95,"[64, 32]",256,1,2025-02-01,2025-05-31,2025-06-01,2025-06-30,0.03253218607773256,3.5648040144587374,-0.040180772236595476,1032532.1860777326,lr1e-05_g0.95_net64x32_bs256
1e-05,0.95,"[64, 32]",256,2,2025-04-01,2025-07-31,2025-08-01,2025-08-31,0.002439860719412046,-0.027611430220225358,-0.03603140241130358,1002439.860719412,lr1e-05_g0.95_net64x32_bs256
1e-05,0.95,"[64, 32]",256,3,2025-06-01,2025-09-30,2025-10-01,2025-10-31,0.04053531156855783,3.052782705104827,-0.04631222640588594,1040535.3115685578,lr1e-05_g0.95_net64x32_bs256
1e-05,0.95,"[64, 32]",512,1,2025-02-01,2025-05-31,2025-06-01,2025-06-30,0.04797431860047352,4.759706416183636,-0.03900213695172138,1047974.3186004735,lr1e-05_g0.95_net64x32_bs512
1e-05,0.95,"[64, 32]",512,2,2025-04-01,2025-07-31,2025-08-01,2025-08-31,0.0538212786226715,6.814894875653822,-0.01570819204156394,1053821.2786226715,lr1e-05_g0.95_net64x32_bs512
1e-05,0.95,"[64, 32]",512,3,2025-06-01,2025-09-30,2025-10-01,2025-10-31,0.05469455105834031,5.170041373329303,-0.03158754911157946,1054694.5510583404,lr1e-05_g0.95_net64x32_bs512
1e-05,0.95,"[64, 32]",1024,1,2025-02-01,2025-05-31,2025-06-01,2025-06-30,0.04839842546422002,4.882921538516461,-0.037290614935466815,1048398.4254642201,lr1e-05_g0.95_net64x32_bs1024
1e-05,0.95,"[64, 32]",1024,2,2025-04-01,2025-07-31,2025-08-01,2025-08-31,0.048240702908519895,5.395908171454508,-0.01785934673747942,1048240.7029085199,lr1e-05_g0.95_net64x32_bs1024
1e-05,0.95,"[64, 32]",1024,3,2025-06-01,2025-09-30,2025-10-01,2025-10-31,0.01472565245651647,1.7179941329523154,-0.03705787542516783,1014725.6524565164,lr1e-05_g0.95_net64x32_bs1024
1e-05,0.95,"[128, 64]",256,1,2025-02-01,2025-05-31,2025-06-01,2025-06-30,0.025992569841708946,2.705801651060784,-0.0243167731757531,1025992.5698417089,lr1e-05_g0.95_net128x64_bs256
1e-05,0.95,"[128, 64]",256,2,2025-04-01,2025-07-31,2025-08-01,2025-08-31,0.0603369108873657,6.327932626590611,-0.028827955272061702,1060336.9108873657,lr1e-05_g0.95_net128x64_bs256
1e-05,0.95,"[128, 64]",256,3,2025-06-01,2025-09-30,2025-10-01,2025-10-31,0.05218925091356863,4.652616219569905,-0.03593468053364431,1052189.2509135685,lr1e-05_g0.95_net128x64_bs256
1e-05,0.95,"[128, 64]",512,1,2025-02-01,2025-05-31,2025-06-01,2025-06-30,0.017945795857813085,1.9019623987091925,-0.060122832777032995,1017945.7958578131,lr1e-05_g0.95_net128x64_bs512
1e-05,0.95,"[128, 64]",512,2,2025-04-01,2025-07-31,2025-08-01,2025-08-31,0.06413843337399672,8.356927868297397,-0.020407895073700565,1064138.4333739968,lr1e-05_g0.95_net128x64_bs512
1e-05,0.95,"[128, 64]",512,3,2025-06-01,2025-09-30,2025-10-01,2025-10-31,-0.005281925850553315,-1.558833514121896,-0.04362105107005397,994718.0741494467,lr1e-05_g0.95_net128x64_bs512
1e-05,0.95,"[128, 64]",1024,1,2025-02-01,2025-05-31,2025-06-01,2025-06-30,0.06922138893320806,9.781019983426512,-0.020735110635252307,1069221.388933208,lr1e-05_g0.95_net128x64_bs1024
1e-05,0.95,"[128, 64]",1024,2,2025-04-01,2025-07-31,2025-08-01,2025-08-31,0.11471663002861976,9.359721779234135,-0.035362968545969396,1114716.6300286197,lr1e-05_g0.95_net128x64_bs1024
1e-05,0.95,"[128, 64]",1024,3,2025-06-01,2025-09-30,2025-10-01,2025-10-31,0.0143916326098803,-0.3795159456377019,-0.04587933864438679,1014391.6326098803,lr1e-05_g0.95_net128x64_bs1024
1e-05,0.97,"[32, 16]",256,1,2025-02-01,2025-05-31,2025-06-01,2025-06-30,0.03980944499459649,4.142348759298246,-0.04941369564308649,1039809.4449945964,lr1e-05_g0.97_net32x16_bs256
1e-05,0.97,"[32, 16]",256,2,2025-04-01,2025-07-31,2025-08-01,2025-08-31,0.046041319123667046,6.040087154301167,-0.01739494406824295,1046041.319123667,lr1e-05_g0.97_net32x16_bs256
1e-05,0.97,"[32, 16]",256,3,2025-06-01,2025-09-30,2025-10-01,2025-10-31,0.01268824931488055,1.0550073823177888,-0.03460678842896785,1012688.2493148806,lr1e-05_g0.97_net32x16_bs256
1e-05,0.97,"[32, 16]",512,1,2025-02-01,2025-05-31,2025-06-01,2025-06-30,0.07811511801721438,8.726638602505298,-0.017548679103484354,1078115.1180172144,lr1e-05_g0.97_net32x16_bs512
1e-05,0.97,"[32, 16]",512,2,2025-04-01,2025-07-31,2025-08-01,2025-08-31,0.07868786772261616,8.299051853588091,-0.02181454102726565,1078687.867722616,lr1e-05_g0.97_net32x16_bs512
1e-05,0.97,"[32, 16]",512,3,2025-06-01,2025-09-30,2025-10-01,2025-10-31,0.022943436787050464,1.8688893497288348,-0.04639886629583603,1022943.4367870505,lr1e-05_g0.97_net32x16_bs512
1e-05,0.97,"[32, 16]",1024,1,2025-02-01,2025-05-31,2025-06-01,2025-06-30,-0.012314573218917824,-3.2934040049005446,-0.04606498261566527,987685.4267810822,lr1e-05_g0.97_net32x16_bs1024
1e-05,0.97,"[32, 16]",1024,2,2025-04-01,2025-07-31,2025-08-01,2025-08-31,0.035559824715511335,3.716544192592394,-0.03431792907058721,1035559.8247155113,lr1e-05_g0.97_net32x16_bs1024
1e-05,0.97,"[32, 16]",1024,3,2025-06-01,2025-09-30,2025-10-01,2025-10-31,0.015297907305170222,1.241852800169424,-0.04787221993703275,1015297.9073051702,lr1e-05_g0.97_net32x16_bs1024
1e-05,0.97,"[64, 32]",256,1,2025-02-01,2025-05-31,2025-06-01,2025-06-30,0.06719387562144896,6.427345483945598,-0.04760145343703252,1067193.875621449,lr1e-05_g0.97_net64x32_bs256
1e-05,0.97,"[64, 32]",256,2,2025-04-01,2025-07-31,2025-08-01,2025-08-31,0.03361023019839693,4.0623312106432685,-0.01675625154761213,1033610.230198397,lr1e-05_g0.97_net64x32_bs256
1e-05,0.97,"[64, 32]",256,3,2025-06-01,2025-09-30,2025-10-01,2025-10-31,0.006453967739645572,-0.8225048421400947,-0.034250576949014025,1006453.9677396456,lr1e-05_g0.97_net64x32_bs256
1e-05,0.97,"[64, 32]",512,1,2025-02-01,2025-05-31,2025-06-01,2025-06-30,0.0040833355612888145,-1.0805922779170198,-0.04308195955159447,1004083.3355612889,lr1e-05_g0.97_net64x32_bs512
1e-05,0.97,"[64, 32]",512,2,2025-04-01,2025-07-31,2025-08-01,2025-08-31,0.04002486625520163,5.510187715184637,-0.016224353996329106,1040024.8662552016,lr1e-05_g0.97_net64x32_bs512
1e-05,0.97,"[64, 32]",512,3,2025-06-01,2025-09-30,2025-10-01,2025-10-31,0.044495592209873536,3.0970780703432794,-0.046433866951121096,1044495.5922098736,lr1e-05_g0.97_net64x32_bs512
1e-05,0.97,"[64, 32]",1024,1,2025-02-01,2025-05-31,2025-06-01,2025-06-30,0.03988079808583467,5.215635329071897,-0.016755469797422325,1039880.7980858347,lr1e-05_g0.97_net64x32_bs1024
1e-05,0.97,"[64, 32]",1024,2,2025-04-01,2025-07-31,2025-08-01,2025-08-31,0.016522495354468036,1.5017216525777362,-0.040352975265255275,1016522.495354468,lr1e-05_g0.97_net64x32_bs1024
1e-05,0.97,"[64, 32]",1024,3,2025-06-01,2025-09-30,2025-10-01,2025-10-31,0.02317629219236994,0.8093318020585973,-0.036458270208312174,1023176.2921923699,lr1e-05_g0.97_net64x32_bs1024
1e-05,0.97,"[128, 64]",256,1,2025-02-01,2025-05-31,2025-06-01,2025-06-30,0.016494897300988853,2.5213654779875765,-0.039224843387026975,1016494.8973009888,lr1e-05_g0.97_net128x64_bs256
1e-05,0.97,"[128, 64]",256,2,2025-04-01,2025-07-31,2025-08-01,2025-08-31,0.010262005163732768,2.04531880162981,-0.018115673466843892,1010262.0051637328,lr1e-05_g0.97_net128x64_bs256
1e-05,0.97,"[128, 64]",256,3,2025-06-01,2025-09-30,2025-10-01,2025-10-31,0.02398853646192367,2.392748810136923,-0.03977921391365072,1023988.5364619236,lr1e-05_g0.97_net128x64_bs256
1e-05,0.97,"[128, 64]",512,1,2025-02-01,2025-05-31,2025-06-01,2025-06-30,0.02205816418609996,2.0575008036550613,-0.033305215717295875,1022058.1641861,lr1e-05_g0.97_net128x64_bs512
1e-05,0.97,"[128, 64]",512,2,2025-04-01,2025-07-31,2025-08-01,2025-08-31,0.0010211072802681631,-0.08060324950124775,-0.03846021854938319,1001021.1072802681,lr1e-05_g0.97_net128x64_bs512
1e-05,0.97,"[128, 64]",512,3,2025-06-01,2025-09-30,2025-10-01,2025-10-31,0.0332020401184161,2.476157491037556,-0.04723392704786776,1033202.0401184162,lr1e-05_g0.97_net128x64_bs512
1e-05,0.97,"[128, 64]",1024,1,2025-02-01,2025-05-31,2025-06-01,2025-06-30,0.012869569779619283,0.8914196396699682,-0.03662840369689013,1012869.5697796193,lr1e-05_g0.97_net128x64_bs1024
1e-05,0.97,"[128, 64]",1024,2,2025-04-01,2025-07-31,2025-08-01,2025-08-31,0.07098225787914503,5.7593022577177395,-0.027378383257799507,1070982.257879145,lr1e-05_g0.97_net128x64_bs1024
1e-05,0.97,"[128, 64]",1024,3,2025-06-01,2025-09-30,2025-10-01,2025-10-31,0.01610413376566333,1.6070987259317262,-0.04207740209994906,1016104.1337656633,lr1e-05_g0.97_net128x64_bs1024
3e-05,0.9,"[32, 16]",256,1,2025-02-01,2025-05-31,2025-06-01,2025-06-30,0.025616795572315443,3.386114983302657,-0.03252597551255181,1025616.7955723155,lr3e-05_g0.9_net32x16_bs256
3e-05,0.9,"[32, 16]",256,2,2025-04-01,2025-07-31,2025-08-01,2025-08-31,0.07833948630514342,8.332477523621558,-0.01742736783492753,1078339.4863051435,lr3e-05_g0.9_net32x16_bs256
3e-05,0.9,"[32, 16]",256,3,2025-06-01,2025-09-30,2025-10-01,2025-10-31,-0.0056674702128489685,-0.24490108084435047,-0.060811541747983144,994332.529787151,lr3e-05_g0.9_net32x16_bs256
3e-05,0.9,"[32, 16]",512,1,2025-02-01,2025-05-31,2025-06-01,2025-06-30,-0.00044517465746685136,-2.11367595790636,-0.03717555319726056,999554.8253425332,lr3e-05_g0.9_net32x16_bs512
3e-05,0.9,"[32, 16]",512,2,2025-04-01,2025-07-31,2025-08-01,2025-08-31,0.05955257447336049,6.766538912260154,-0.0212043435496885,1059552.5744733606,lr3e-05_g0.9_net32x16_bs512
3e-05,0.9,"[32, 16]",512,3,2025-06-01,2025-09-30,2025-10-01,2025-10-31,0.018012694267860452,1.5412134224200609,-0.04208755136963177,1018012.6942678605,lr3e-05_g0.9_net32x16_bs512
3e-05,0.9,"[32, 16]",1024,1,2025-02-01,2025-05-31,2025-06-01,2025-06-30,0.04352747494841003,5.500141130964018,-0.027220281907522004,1043527.47494841,lr3e-05_g0.9_net32x16_bs1024
3e-05,0.9,"[32, 16]",1024,2,2025-04-01,2025-07-31,2025-08-01,2025-08-31,0.05063248219492533,5.113314894956956,-0.030890429558212962,1050632.4821949254,lr3e-05_g0.9_net32x16_bs1024
3e-05,0.9,"[32, 16]",1024,3,2025-06-01,2025-09-30,2025-10-01,2025-10-31,0.08034914984718355,5.9551367553231325,-0.040061493084695185,1080349.1498471836,lr3e-05_g0.9_net32x16_bs1024
3e-05,0.9,"[64, 32]",256,1,2025-02-01,2025-05-31,2025-06-01,2025-06-30,0.017414890978361353,1.569896695234825,-0.03145219573140165,1017414.8909783614,lr3e-05_g0.9_net64x32_bs256
3e-05,0.9,"[64, 32]",256,2,2025-04-01,2025-07-31,2025-08-01,2025-08-31,-0.010646479463174097,-1.1435423708165497,-0.0481526542391378,989353.5205368259,lr3e-05_g0.9_net64x32_bs256
3e-05,0.9,"[64, 32]",256,3,2025-06-01,2025-09-30,2025-10-01,2025-10-31,0.022371468763134228,1.7344553885549,-0.045229153658825065,1022371.4687631342,lr3e-05_g0.9_net64x32_bs256
3e-05,0.9,"[64, 32]",512,1,2025-02-01,2025-05-31,2025-06-01,2025-06-30,0.000300929016117113,-1.202502989004279,-0.05027512306977785,1000300.9290161171,lr3e-05_g0.9_net64x32_bs512
3e-05,0.9,"[64, 32]",512,2,2025-04-01,2025-07-31,2025-08-01,2025-08-31,0.034717884974550195,4.970666528086977,-0.020900288588351936,1034717.8849745502,lr3e-05_g0.9_net64x32_bs512
3e-05,0.9,"[64, 32]",512,3,2025-06-01,2025-09-30,2025-10-01,2025-10-31,0.02736715612517182,2.318399376225624,-0.04151010795225972,1027367.1561251718,lr3e-05_g0.9_net64x32_bs512
3e-05,0.9,"[64, 32]",1024,1,2025-02-01,2025-05-31,2025-06-01,2025-06-30,0.033105954086145806,3.6087652595068036,-0.04512626405857274,1033105.9540861459,lr3e-05_g0.9_net64x32_bs1024
3e-05,0.9,"[64, 32]",1024,2,2025-04-01,2025-07-31,2025-08-01,2025-08-31,0.03591489169485884,4.398848380661365,-0.017305954677399177,1035914.8916948589,lr3e-05_g0.9_net64x32_bs1024
3e-05,0.9,"[64, 32]",1024,3,2025-06-01,2025-09-30,2025-10-01,2025-10-31,0.0393826778274462,2.982883254676324,-0.029596364317937822,1039382.6778274463,lr3e-05_g0.9_net64x32_bs1024
3e-05,0.9,"[128, 64]",256,1,2025-02-01,2025-05-31,2025-06-01,2025-06-30,0.049615113067170924,5.219968350051074,-0.04115431170262381,1049615.1130671708,lr3e-05_g0.9_net128x64_bs256
3e-05,0.9,"[128, 64]",256,2,2025-04-01,2025-07-31,2025-08-01,2025-08-31,0.07122776870779801,6.709946558212983,-0.025798436553849752,1071227.768707798,lr3e-05_g0.9_net128x64_bs256
3e-05,0.9,"[128, 64]",256,3,2025-06-01,2025-09-30,2025-10-01,2025-10-31,0.042649263509443314,3.545091445100161,-0.05086384902720596,1042649.2635094434,lr3e-05_g0.9_net128x64_bs256
3e-05,0.9,"[128, 64]",512,1,2025-02-01,2025-05-31,2025-06-01,2025-06-30,0.01689158290400683,2.215243150045429,-0.042985376346353604,1016891.5829040068,lr3e-05_g0.9_net128x64_bs512
3e-05,0.9,"[128, 64]",512,2,2025-04-01,2025-07-31,2025-08-01,2025-08-31,0.006955435564001355,0.37149061912877107,-0.0291026183085976,1006955.4355640013,lr3e-05_g0.9_net128x64_bs512
3e-05,0.9,"[128, 64]",512,3,2025-06-01,2025-09-30,2025-10-01,2025-10-31,0.08262135863900388,6.903457854176137,-0.033307802966391443,1082621.358639004,lr3e-05_g0.9_net128x64_bs512
3e-05,0.9,"[128, 64]",1024,1,2025-02-01,2025-05-31,2025-06-01,2025-06-30,0.023689622880125105,1.8395443734587795,-0.04179607317693303,1023689.6228801252,lr3e-05_g0.9_net128x64_bs1024
3e-05,0.9,"[128, 64]",1024,2,2025-04-01,2025-07-31,2025-08-01,2025-08-31,0.012962205929510695,1.266360430890534,-0.03508847271828404,1012962.2059295106,lr3e-05_g0.9_net128x64_bs1024
3e-05,0.9,"[128, 64]",1024,3,2025-06-01,2025-09-30,2025-10-01,2025-10-31,0.05212795056039443,3.839218529021141,-0.046898879836272285,1052127.9505603944,lr3e-05_g0.9_net128x64_bs1024
3e-05,0.95,"[32, 16]",256,1,2025-02-01,2025-05-31,2025-06-01,2025-06-30,0.040431050772054444,5.365149034052549,-0.024861218420354093,1040431.0507720545,lr3e-05_g0.95_net32x16_bs256
3e-05,0.95,"[32, 16]",256,2,2025-04-01,2025-07-31,2025-08-01,2025-08-31,0.04947743187945197,6.469847510696091,-0.022441765951016247,1049477.431879452,lr3e-05_g0.95_net32x16_bs256
3e-05,0.95,"[32, 16]",256,3,2025-06-01,2025-09-30,2025-10-01,2025-10-31,0.028865283746589476,2.304649641868361,-0.039186138818711774,1028865.2837465894,lr3e-05_g0.95_net32x16_bs256
3e-05,0.95,"[32, 16]",512,1,2025-02-01,2025-05-31,2025-06-01,2025-06-30,0.05402176372676659,9.031380156485064,-0.017096507255451938,1054021.7637267667,lr3e-05_g0.95_net32x16_bs512
3e-05,0.95,"[32, 16]",512,2,2025-04-01,2025-07-31,2025-08-01,2025-08-31,0.08847640471766072,8.60012997814412,-0.028204230608590317,1088476.4047176607,lr3e-05_g0.95_net32x16_bs512
3e-05,0.95,"[32, 16]",512,3,2025-06-01,2025-09-30,2025-10-01,2025-10-31,0.00744849168015338,0.3799011501935493,-0.05536229178094865,1007448.4916801534,lr3e-05_g0.95_net32x16_bs512
3e-05,0.95,"[32, 16]",1024,1,2025-02-01,2025-05-31,2025-06-01,2025-06-30,0.06731931617706288,5.847771536608556,-0.040659682713175174,1067319.316177063,lr3e-05_g0.95_net32x16_bs1024
3e-05,0.95,"[32, 16]",1024,2,2025-04-01,2025-07-31,2025-08-01,2025-08-31,0.06833439259993201,7.146872900111265,-0.02169434271911361,1068334.392599932,lr3e-05_g0.95_net32x16_bs1024
3e-05,0.95,"[32, 16]",1024,3,2025-06-01,2025-09-30,2025-10-01,2025-10-31,0.05400164326167478,3.941428769884366,-0.04592699241542081,1054001.6432616748,lr3e-05_g0.95_net32x16_bs1024
3e-05,0.95,"[64, 32]",256,1,2025-02-01,2025-05-31,2025-06-01,2025-06-30,0.013870239496885484,0.14360454702296424,-0.034468116036172315,1013870.2394968856,lr3e-05_g0.95_net64x32_bs256
3e-05,0.95,"[64, 32]",256,2,2025-04-01,2025-07-31,2025-08-01,2025-08-31,0.00707363773385028,1.2281560645795444,-0.03309922957909559,1007073.6377338503,lr3e-05_g0.95_net64x32_bs256
3e-05,0.95,"[64, 32]",256,3,2025-06-01,2025-09-30,2025-10-01,2025-10-31,0.049289525118780375,3.698844413539045,-0.03982400030153926,1049289.5251187803,lr3e-05_g0.95_net64x32_bs256
3e-05,0.95,"[64, 32]",512,1,2025-02-01,2025-05-31,2025-06-01,2025-06-30,0.04380712690632271,6.3743226441625005,-0.023117324733855915,1043807.1269063228,lr3e-05_g0.95_net64x32_bs512
3e-05,0.95,"[64, 32]",512,2,2025-04-01,2025-07-31,2025-08-01,2025-08-31,0.1062449610117513,8.966734908212246,-0.01991893930977211,1106244.9610117513,lr3e-05_g0.95_net64x32_bs512
3e-05,0.95,"[64, 32]",512,3,2025-06-01,2025-09-30,2025-10-01,2025-10-31,0.01493640150797848,1.0070759446743025,-0.05597661138835402,1014936.4015079786,lr3e-05_g0.95_net64x32_bs512
3e-05,0.95,"[64, 32]",1024,1,2025-02-01,2025-05-31,2025-06-01,2025-06-30,0.059687789839422356,6.657396642916656,-0.03522248048135908,1059687.7898394223,lr3e-05_g0.95_net64x32_bs1024
3e-05,0.95,"[64, 32]",1024,2,2025-04-01,2025-07-31,2025-08-01,2025-08-31,0.09648901423183842,8.827636582410012,-0.029368470759820624,1096489.0142318385,lr3e-05_g0.95_net64x32_bs1024
3e-05,0.95,"[64, 32]",1024,3,2025-06-01,2025-09-30,2025-10-01,2025-10-31,0.025100157362409226,2.1370888625188633,-0.03393278063559526,1025100.1573624092,lr3e-05_g0.95_net64x32_bs1024
3e-05,0.95,"[128, 64]",256,1,2025-02-01,2025-05-31,2025-06-01,2025-06-30,0.025294057382669433,2.431223078330567,-0.040749380995213906,1025294.0573826694,lr3e-05_g0.95_net128x64_bs256
3e-05,0.95,"[128, 64]",256,2,2025-04-01,2025-07-31,2025-08-01,2025-08-31,0.08951560919834534,9.890402658235539,-0.02114339425445153,1089515.6091983453,lr3e-05_g0.95_net128x64_bs256
3e-05,0.95,"[128, 64]",256,3,2025-06-01,2025-09-30,2025-10-01,2025-10-31,0.03777798241085839,2.2776422437191424,-0.04831238110439227,1037777.9824108584,lr3e-05_g0.95_net128x64_bs256
3e-05,0.95,"[128, 64]",512,1,2025-02-01,2025-05-31,2025-06-01,2025-06-30,0.024450287544952598,2.0124559685268304,-0.041055045216575096,1024450.2875449526,lr3e-05_g0.95_net128x64_bs512
3e-05,0.95,"[128, 64]",512,2,2025-04-01,2025-07-31,2025-08-01,2025-08-31,0.09468147054764575,8.722249056202237,-0.020913656591846626,1094681.4705476458,lr3e-05_g0.95_net128x64_bs512
3e-05,0.95,"[128, 64]",512,3,2025-06-01,2025-09-30,2025-10-01,2025-10-31,0.017055242248634084,0.9381145347328625,-0.054682560277711505,1017055.2422486341,lr3e-05_g0.95_net128x64_bs512
3e-05,0.95,"[128, 64]",1024,1,2025-02-01,2025-05-31,2025-06-01,2025-06-30,0.0282375409357134,2.490300618212175,-0.025960815275049242,1028237.5409357134,lr3e-05_g0.95_net128x64_bs1024
3e-05,0.95,"[128, 64]",1024,2,2025-04-01,2025-07-31,2025-08-01,2025-08-31,0.06745011099240106,8.134186088298136,-0.02042074843722916,1067450.1109924011,lr3e-05_g0.95_net128x64_bs1024
3e-05,0.95,"[128, 64]",1024,3,2025-06-01,2025-09-30,2025-10-01,2025-10-31,0.03889206748318319,4.062454850708558,-0.032477255773475946,1038892.0674831831,lr3e-05_g0.95_net128x64_bs1024
3e-05,0.97,"[32, 16]",256,1,2025-02-01,2025-05-31,2025-06-01,2025-06-30,0.02327824860839467,1.8400184190875875,-0.031818979201735785,1023278.2486083946,lr3e-05_g0.97_net32x16_bs256
3e-05,0.97,"[32, 16]",256,2,2025-04-01,2025-07-31,2025-08-01,2025-08-31,0.03195443922252106,2.528062575139101,-0.03827835101508242,1031954.4392225211,lr3e-05_g0.97_net32x16_bs256
3e-05,0.97,"[32, 16]",256,3,2025-06-01,2025-09-30,2025-10-01,2025-10-31,-0.008822681155010392,-1.685610774513135,-0.04177452218920253,991177.3188449896,lr3e-05_g0.97_net32x16_bs256
3e-05,0.97,"[32, 16]",512,1,2025-02-01,2025-05-31,2025-06-01,2025-06-30,0.0657430019963341,8.026941709872723,-0.02415539436081731,1065743.0019963342,lr3e-05_g0.97_net32x16_bs512
3e-05,0.97,"[32, 16]",512,2,2025-04-01,2025-07-31,2025-08-01,2025-08-31,0.06697934539149109,7.497917897366193,-0.017241080903331873,1066979.3453914912,lr3e-05_g0.97_net32x16_bs512
3e-05,0.97,"[32, 16]",512,3,2025-06-01,2025-09-30,2025-10-01,2025-10-31,0.010560073257322333,0.850747296579866,-0.03982085701021529,1010560.0732573224,lr3e-05_g0.97_net32x16_bs512
3e-05,0.97,"[32, 16]",1024,1,2025-02-01,2025-05-31,2025-06-01,2025-06-30,0.02997227653002188,3.850603161402597,-0.04417007682712871,1029972.2765300218,lr3e-05_g0.97_net32x16_bs1024
3e-05,0.97,"[32, 16]",1024,2,2025-04-01,2025-07-31,2025-08-01,2025-08-31,0.012729757042953427,0.8749061165266603,-0.036188752131491926,1012729.7570429534,lr3e-05_g0.97_net32x16_bs1024
3e-05,0.97,"[32, 16]",1024,3,2025-06-01,2025-09-30,2025-10-01,2025-10-31,0.034745705534174,2.8112223417358484,-0.04850913508926914,1034745.705534174,lr3e-05_g0.97_net32x16_bs1024
3e-05,0.97,"[64, 32]",256,1,2025-02-01,2025-05-31,2025-06-01,2025-06-30,0.04191191594651422,5.4160927830397085,-0.02839872890966626,1041911.9159465142,lr3e-05_g0.97_net64x32_bs256
3e-05,0.97,"[64, 32]",256,2,2025-04-01,2025-07-31,2025-08-01,2025-08-31,0.04325923806415943,4.798646705604423,-0.01973191101806758,1043259.2380641595,lr3e-05_g0.97_net64x32_bs256
3e-05,0.97,"[64, 32]",256,3,2025-06-01,2025-09-30,2025-10-01,2025-10-31,0.0788126721696667,5.554135571974035,-0.03486631666267606,1078812.6721696667,lr3e-05_g0.97_net64x32_bs256
3e-05,0.97,"[64, 32]",512,1,2025-02-01,2025-05-31,2025-06-01,2025-06-30,0.03777052939756009,5.323485709813689,-0.02304225463746932,1037770.52939756,lr3e-05_g0.97_net64x32_bs512
3e-05,0.97,"[64, 32]",512,2,2025-04-01,2025-07-31,2025-08-01,2025-08-31,0.031126238744539236,2.5014482176416264,-0.033453151587860996,1031126.2387445393,lr3e-05_g0.97_net64x32_bs512
3e-05,0.97,"[64, 32]",512,3,2025-06-01,2025-09-30,2025-10-01,2025-10-31,-0.00374935344166194,-0.9685631897531681,-0.03407160298159962,996250.6465583381,lr3e-05_g0.97_net64x32_bs512
3e-05,0.97,"[64, 32]",1024,1,2025-02-01,2025-05-31,2025-06-01,2025-06-30,0.02000250489718991,1.44827647214895,-0.03170674108948987,1020002.5048971899,lr3e-05_g0.97_net64x32_bs1024
3e-05,0.97,"[64, 32]",1024,2,2025-04-01,2025-07-31,2025-08-01,2025-08-31,0.021200553029957492,0.844871357000193,-0.04848179831800078,1021200.5530299575,lr3e-05_g0.97_net64x32_bs1024
3e-05,0.97,"[64, 32]",1024,3,2025-06-01,2025-09-30,2025-10-01,2025-10-31,0.01586304556518181,-0.04853919423969661,-0.03695869643520733,1015863.0455651818,lr3e-05_g0.97_net64x32_bs1024
3e-05,0.97,"[128, 64]",256,1,2025-02-01,2025-05-31,2025-06-01,2025-06-30,-3.911047328586381e-05,-0.07592678910359599,-0.053248578665581706,999960.8895267141,lr3e-05_g0.97_net128x64_bs256
3e-05,0.97,"[128, 64]",256,2,2025-04-01,2025-07-31,2025-08-01,2025-08-31,0.017093625353136188,1.6542859567060493,-0.03487294382329947,1017093.6253531362,lr3e-05_g0.97_net128x64_bs256
3e-05,0.97,"[128, 64]",256,3,2025-06-01,2025-09-30,2025-10-01,2025-10-31,0.051637662739082435,3.3234285011552105,-0.04982761765943839,1051637.6627390825,lr3e-05_g0.97_net128x64_bs256
3e-05,0.97,"[128, 64]",512,1,2025-02-01,2025-05-31,2025-06-01,2025-06-30,-0.017182630140542998,-2.2284860383835827,-0.07575037577609608,982817.369859457,lr3e-05_g0.97_net128x64_bs512
3e-05,0.97,"[128, 64]",512,2,2025-04-01,2025-07-31,2025-08-01,2025-08-31,0.0795032530497568,7.865052949761704,-0.016214341818093697,1079503.2530497569,lr3e-05_g0.97_net128x64_bs512
3e-05,0.97,"[128, 64]",512,3,2025-06-01,2025-09-30,2025-10-01,2025-10-31,0.037947854268473025,2.723475431455342,-0.05003890954222753,1037947.854268473,lr3e-05_g0.97_net128x64_bs512
3e-05,0.97,"[128, 64]",1024,1,2025-02-01,2025-05-31,2025-06-01,2025-06-30,0.034466842413181764,2.9662789423421447,-0.02759448480092729,1034466.8424131817,lr3e-05_g0.97_net128x64_bs1024
3e-05,0.97,"[128, 64]",1024,2,2025-04-01,2025-07-31,2025-08-01,2025-08-31,0.03897157344384583,4.699274531932515,-0.02161782303137056,1038971.5734438457,lr3e-05_g0.97_net128x64_bs1024
3e-05,0.97,"[128, 64]",1024,3,2025-06-01,2025-09-30,2025-10-01,2025-10-31,0.03809347623248849,2.6670470223259124,-0.044197941619254666,1038093.4762324884,lr3e-05_g0.97_net128x64_bs1024
0.0001,0.9,"[32, 16]",256,1,2025-02-01,2025-05-31,2025-06-01,2025-06-30,0.02548620386453071,2.967835981819122,-0.03236126660178862,1025486.2038645308,lr1e-04_g0.9_net32x16_bs256
0.0001,0.9,"[32, 16]",256,2,2025-04-01,2025-07-31,2025-08-01,2025-08-31,0.054660358951229115,3.6661578369608296,-0.03522944260676324,1054660.3589512291,lr1e-04_g0.9_net32x16_bs256
0.0001,0.9,"[32, 16]",256,3,2025-06-01,2025-09-30,2025-10-01,2025-10-31,0.051433378399559304,3.7623844348867808,-0.03536178225473233,1051433.3783995593,lr1e-04_g0.9_net32x16_bs256
0.0001,0.9,"[32, 16]",512,1,2025-02-01,2025-05-31,2025-06-01,2025-06-30,0.03926028604494114,4.474240747264705,-0.03315626566049195,1039260.2860449412,lr1e-04_g0.9_net32x16_bs512
0.0001,0.9,"[32, 16]",512,2,2025-04-01,2025-07-31,2025-08-01,2025-08-31,0.04261895120557213,3.8922663611894706,-0.03754360009065179,1042618.9512055722,lr1e-04_g0.9_net32x16_bs512
0.0001,0.9,"[32, 16]",512,3,2025-06-01,2025-09-30,2025-10-01,2025-10-31,0.045482189273299944,3.1885584425876807,-0.046258698472054736,1045482.1892733,lr1e-04_g0.9_net32x16_bs512
0.0001,0.9,"[32, 16]",1024,1,2025-02-01,2025-05-31,2025-06-01,2025-06-30,0.006800754181833568,-0.603389021505849,-0.04583163354886799,1006800.7541818336,lr1e-04_g0.9_net32x16_bs1024
0.0001,0.9,"[32, 16]",1024,2,2025-04-01,2025-07-31,2025-08-01,2025-08-31,0.040433453360271265,4.910347226522136,-0.0209748784120975,1040433.4533602713,lr1e-04_g0.9_net32x16_bs1024
0.0001,0.9,"[32, 16]",1024,3,2025-06-01,2025-09-30,2025-10-01,2025-10-31,0.008541358011791456,1.0767003767538088,-0.03869366567645115,1008541.3580117915,lr1e-04_g0.9_net32x16_bs1024
0.0001,0.9,"[64, 32]",256,1,2025-02-01,2025-05-31,2025-06-01,2025-06-30,-0.0034778508837682853,-0.9667654153070704,-0.048721502564616076,996522.1491162317,lr1e-04_g0.9_net64x32_bs256
0.0001,0.9,"[64, 32]",256,2,2025-04-01,2025-07-31,2025-08-01,2025-08-31,0.09279345411022932,6.697127563368143,-0.033203351966454644,1092793.4541102294,lr1e-04_g0.9_net64x32_bs256
0.0001,0.9,"[64, 32]",256,3,2025-06-01,2025-09-30,2025-10-01,2025-10-31,0.05693916830609114,3.818496278061486,-0.046458026033604584,1056939.168306091,lr1e-04_g0.9_net64x32_bs256
0.0001,0.9,"[64, 32]",512,1,2025-02-01,2025-05-31,2025-06-01,2025-06-30,0.00458383668089124,0.06158604124282471,-0.04338680419761811,1004583.8366808912,lr1e-04_g0.9_net64x32_bs512
0.0001,0.9,"[64, 32]",512,2,2025-04-01,2025-07-31,2025-08-01,2025-08-31,0.08256604624237451,9.118786876380812,-0.01624299122318332,1082566.0462423745,lr1e-04_g0.9_net64x32_bs512
0.0001,0.9,"[64, 32]",512,3,2025-06-01,2025-09-30,2025-10-01,2025-10-31,0.02241622633025786,1.7201031307587629,-0.04941368842539218,1022416.226330258,lr1e-04_g0.9_net64x32_bs512
0.0001,0.9,"[64, 32]",1024,1,2025-02-01,2025-05-31,2025-06-01,2025-06-30,0.02931888619303491,4.027368957114646,-0.02846849458682671,1029318.8861930349,lr1e-04_g0.9_net64x32_bs1024
0.0001,0.9,"[64, 32]",1024,2,2025-04-01,2025-07-31,2025-08-01,2025-08-31,-0.013333719110437126,-1.3224498801817353,-0.04697311215308033,986666.2808895629,lr1e-04_g0.9_net64x32_bs1024
0.0001,0.9,"[64, 32]",1024,3,2025-06-01,2025-09-30,2025-10-01,2025-10-31,0.03061211507722117,2.603900820192881,-0.04276956799365206,1030612.1150772211,lr1e-04_g0.9_net64x32_bs1024
0.0001,0.9,"[128, 64]",256,1,2025-02-01,2025-05-31,2025-06-01,2025-06-30,0.08780216795266771,8.586776423952685,-0.034128319393977924,1087802.1679526677,lr1e-04_g0.9_net128x64_bs256
0.0001,0.9,"[128, 64]",256,2,2025-04-01,2025-07-31,2025-08-01,2025-08-31,-0.002399990680001962,-0.48713594921061854,-0.04069166187337656,997600.0093199981,lr1e-04_g0.9_net128x64_bs256
0.0001,0.9,"[128, 64]",256,3,2025-06-01,2025-09-30,2025-10-01,2025-10-31,0.03185263306330888,2.83274567478205,-0.03958970164620921,1031852.6330633088,lr1e-04_g0.9_net128x64_bs256
0.0001,0.9,"[128, 64]",512,1,2025-02-01,2025-05-31,2025-06-01,2025-06-30,0.006295205032831541,0.08405286457100644,-0.040699533421951734,1006295.2050328315,lr1e-04_g0.9_net128x64_bs512
0.0001,0.9,"[128, 64]",512,2,2025-04-01,2025-07-31,2025-08-01,2025-08-31,0.061370459767257746,6.8788921973152855,-0.020634083551440884,1061370.4597672578,lr1e-04_g0.9_net128x64_bs512
0.0001,0.9,"[128, 64]",512,3,2025-06-01,2025-09-30,2025-10-01,2025-10-31,0.047492694243725264,2.7549217536900574,-0.05133641336698143,1047492.6942437252,lr1e-04_g0.9_net128x64_bs512
0.0001,0.9,"[128, 64]",1024,1,2025-02-01,2025-05-31,2025-06-01,2025-06-30,0.01793061895338277,1.6274834014270274,-0.03792329575593669,1017930.6189533827,lr1e-04_g0.9_net128x64_bs1024
0.0001,0.9,"[128, 64]",1024,2,2025-04-01,2025-07-31,2025-08-01,2025-08-31,0.014960339751844742,2.2255938617329836,-0.021418280661014318,1014960.3397518448,lr1e-04_g0.9_net128x64_bs1024
0.0001,0.9,"[128, 64]",1024,3,2025-06-01,2025-09-30,2025-10-01,2025-10-31,0.052693322427334266,3.6204850768113856,-0.04059993866064994,1052693.3224273343,lr1e-04_g0.9_net128x64_bs1024
0.0001,0.95,"[32, 16]",256,1,2025-02-01,2025-05-31,2025-06-01,2025-06-30,0.040964645365135555,3.630745760158532,-0.0415452844033276,1040964.6453651355,lr1e-04_g0.95_net32x16_bs256
0.0001,0.95,"[32, 16]",256,2,2025-04-01,2025-07-31,2025-08-01,2025-08-31,0.06495968515200046,5.942293122598418,-0.030682964985176208,1064959.6851520005,lr1e-04_g0.95_net32x16_bs256
0.0001,0.95,"[32, 16]",256,3,2025-06-01,2025-09-30,2025-10-01,2025-10-31,0.06374351819499813,4.875855724667145,-0.037525413984093973,1063743.5181949981,lr1e-04_g0.95_net32x16_bs256
0.0001,0.95,"[32, 16]",512,1,2025-02-01,2025-05-31,2025-06-01,2025-06-30,0.0700630415558341,9.400371151052383,-0.018051234047525844,1070063.041555834,lr1e-04_g0.95_net32x16_bs512
0.0001,0.95,"[32, 16]",512,2,2025-04-01,2025-07-31,2025-08-01,2025-08-31,0.06139980400429157,7.581943401717846,-0.020059054492823095,1061399.8040042915,lr1e-04_g0.95_net32x16_bs512
0.0001,0.95,"[32, 16]",512,3,2025-06-01,2025-09-30,2025-10-01,2025-10-31,0.030577037279213126,2.802082647779589,-0.04131951827712024,1030577.0372792131,lr1e-04_g0.95_net32x16_bs512
0.0001,0.95,"[32, 16]",1024,1,2025-02-01,2025-05-31,2025-06-01,2025-06-30,0.07241135439043656,9.983364421529377,-0.0221021882425609,1072411.3543904366,lr1e-04_g0.95_net32x16_bs1024
0.0001,0.95,"[32, 16]",1024,2,2025-04-01,2025-07-31,2025-08-01,2025-08-31,0.10740018561219755,10.585317511169466,-0.02222668707616928,1107400.1856121975,lr1e-04_g0.95_net32x16_bs1024
0.0001,0.95,"[32, 16]",1024,3,2025-06-01,2025-09-30,2025-10-01,2025-10-31,0.009170605132637455,-0.020892682845329275,-0.035568359065766074,1009170.6051326374,lr1e-04_g0.95_net32x16_bs1024
0.0001,0.95,"[64, 32]",256,1,2025-02-01,2025-05-31,2025-06-01,2025-06-30,-0.014071294176086102,-0.9298236266347463,-0.07551878233390337,985928.7058239139,lr1e-04_g0.95_net64x32_bs256
0.0001,0.95,"[64, 32]",256,2,2025-04-01,2025-07-31,2025-08-01,2025-08-31,0.07970301886545061,8.990964621987818,-0.024221243468983213,1079703.0188654505,lr1e-04_g0.95_net64x32_bs256
0.0001,0.95,"[64, 32]",256,3,2025-06-01,2025-09-30,2025-10-01,2025-10-31,0.027798522761356415,2.059203162157359,-0.048716491355791335,1027798.5227613564,lr1e-04_g0.95_net64x32_bs256
0.0001,0.95,"[64, 32]",512,1,2025-02-01,2025-05-31,2025-06-01,2025-06-30,0.03918170737046611,5.177050699341379,-0.037758777069528716,1039181.7073704662,lr1e-04_g0.95_net64x32_bs512
0.0001,0.95,"[64, 32]",512,2,2025-04-01,2025-07-31,2025-08-01,2025-08-31,0.06745556570677969,6.818625183829206,-0.031697430734294464,1067455.5657067797,lr1e-04_g0.95_net64x32_bs512
0.0001,0.95,"[64, 32]",512,3,2025-06-01,2025-09-30,2025-10-01,2025-10-31,0.0023394209577067837,-0.6081299650874291,-0.03015355164187333,1002339.4209577068,lr1e-04_g0.95_net64x32_bs512
0.0001,0.95,"[64, 32]",1024,1,2025-02-01,2025-05-31,2025-06-01,2025-06-30,0.03691936488741909,4.2431417119732835,-0.039132113703625626,1036919.3648874192,lr1e-04_g0.95_net64x32_bs1024
0.0001,0.95,"[64, 32]",1024,2,2025-04-01,2025-07-31,2025-08-01,2025-08-31,0.08735325378847114,5.934567103307167,-0.041070892715878625,1087353.2537884712,lr1e-04_g0.95_net64x32_bs1024
0.0001,0.95,"[64, 32]",1024,3,2025-06-01,2025-09-30,2025-10-01,2025-10-31,0.0075676517807488075,-0.5992012532828023,-0.036576609877578006,1007567.6517807489,lr1e-04_g0.95_net64x32_bs1024
0.0001,0.95,"[128, 64]",256,1,2025-02-01,2025-05-31,2025-06-01,2025-06-30,0.04338949937811676,4.4656761305409525,-0.03497073327192371,1043389.4993781168,lr1e-04_g0.95_net128x64_bs256
0.0001,0.95,"[128, 64]",256,2,2025-04-01,2025-07-31,2025-08-01,2025-08-31,0.06840976182602532,6.260346498616342,-0.04072222559763063,1068409.7618260253,lr1e-04_g0.95_net128x64_bs256
0.0001,0.95,"[128, 64]",256,3,2025-06-01,2025-09-30,2025-10-01,2025-10-31,0.026543803908458896,2.2834937546928575,-0.04680487366145218,1026543.8039084588,lr1e-04_g0.95_net128x64_bs256
0.0001,0.95,"[128, 64]",512,1,2025-02-01,2025-05-31,2025-06-01,2025-06-30,0.04929347910033832,5.1995990663317615,-0.03365111411789482,1049293.4791003384,lr1e-04_g0.95_net128x64_bs512
0.0001,0.95,"[128, 64]",512,2,2025-04-01,2025-07-31,2025-08-01,2025-08-31,0.05333064386891606,5.6187424380043565,-0.01838888528128597,1053330.643868916,lr1e-04_g0.95_net128x64_bs512
0.0001,0.95,"[128, 64]",512,3,2025-06-01,2025-09-30,2025-10-01,2025-10-31,0.03630190366412567,2.8820055866343837,-0.03793948436615834,1036301.9036641257,lr1e-04_g0.95_net128x64_bs512
0.0001,0.95,"[128, 64]",1024,1,2025-02-01,2025-05-31,2025-06-01,2025-06-30,0.012605354905292687,1.746892269169784,-0.04645419809995852,1012605.3549052927,lr1e-04_g0.95_net128x64_bs1024
0.0001,0.95,"[128, 64]",1024,2,2025-04-01,2025-07-31,2025-08-01,2025-08-31,0.060745274718473574,6.418018338621764,-0.022126631746225804,1060745.2747184737,lr1e-04_g0.95_net128x64_bs1024
0.0001,0.95,"[128, 64]",1024,3,2025-06-01,2025-09-30,2025-10-01,2025-10-31,0.034091087781635165,2.707168721356816,-0.04206720487133171,1034091.0877816352,lr1e-04_g0.95_net128x64_bs1024
0.0001,0.97,"[32, 16]",256,1,2025-02-01,2025-05-31,2025-06-01,2025-06-30,0.002401483470672927,-0.18631911049407118,-0.059457486249623645,1002401.4834706729,lr1e-04_g0.97_net32x16_bs256
0.0001,0.97,"[32, 16]",256,2,2025-04-01,2025-07-31,2025-08-01,2025-08-31,0.013011232932912842,0.8929736024969338,-0.031103752641559956,1013011.2329329129,lr1e-04_g0.97_net32x16_bs256
0.0001,0.97,"[32, 16]",256,3,2025-06-01,2025-09-30,2025-10-01,2025-10-31,-0.008054440976053234,-2.3053871986852172,-0.04021694941755271,991945.5590239468,lr1e-04_g0.97_net32x16_bs256
0.0001,0.97,"[32, 16]",512,1,2025-02-01,2025-05-31,2025-06-01,2025-06-30,0.049798311797430106,6.365367449185887,-0.025254371177677978,1049798.31179743,lr1e-04_g0.97_net32x16_bs512
0.0001,0.97,"[32, 16]",512,2,2025-04-01,2025-07-31,2025-08-01,2025-08-31,0.06136281922672304,6.079667630765676,-0.02819598130955936,1061362.819226723,lr1e-04_g0.97_net32x16_bs512
0.0001,0.97,"[32, 16]",512,3,2025-06-01,2025-09-30,2025-10-01,2025-10-31,0.015106029210525396,1.0372583011494965,-0.03821201711108456,1015106.0292105254,lr1e-04_g0.97_net32x16_bs512
0.0001,0.97,"[32, 16]",1024,1,2025-02-01,2025-05-31,2025-06-01,2025-06-30,0.01755040026712451,1.623739434518713,-0.052350922579931625,1017550.4002671244,lr1e-04_g0.97_net32x16_bs1024
0.0001,0.97,"[32, 16]",1024,2,2025-04-01,2025-07-31,2025-08-01,2025-08-31,0.07944886543388363,7.107950677331857,-0.026322068059557047,1079448.8654338836,lr1e-04_g0.97_net32x16_bs1024
0.0001,0.97,"[32, 16]",1024,3,2025-06-01,2025-09-30,2025-10-01,2025-10-31,0.04007461541260171,2.774095729620941,-0.0373631691267089,1040074.6154126017,lr1e-04_g0.97_net32x16_bs1024
0.0001,0.97,"[64, 32]",256,1,2025-02-01,2025-05-31,2025-06-01,2025-06-30,0.028731357971526927,5.025429852430374,-0.01674765867939353,1028731.3579715269,lr1e-04_g0.97_net64x32_bs256
0.0001,0.97,"[64, 32]",256,2,2025-04-01,2025-07-31,2025-08-01,2025-08-31,0.04270744263628812,4.546106459281736,-0.02155972652062756,1042707.4426362881,lr1e-04_g0.97_net64x32_bs256
0.0001,0.97,"[64, 32]",256,3,2025-06-01,2025-09-30,2025-10-01,2025-10-31,0.024447358639049677,2.066706784919722,-0.045039930908464955,1024447.3586390496,lr1e-04_g0.97_net64x32_bs256
0.0001,0.97,"[64, 32]",512,1,2025-02-01,2025-05-31,2025-06-01,2025-06-30,-0.003123022555379551,-0.06047182970997059,-0.050192168289548804,996876.9774446205,lr1e-04_g0.97_net64x32_bs512
0.0001,0.97,"[64, 32]",512,2,2025-04-01,2025-07-31,2025-08-01,2025-08-31,0.09001665251884283,9.843514403623558,-0.01878295383255632,1090016.6525188428,lr1e-04_g0.97_net64x32_bs512
0.0001,0.97,"[64, 32]",512,3,2025-06-01,2025-09-30,2025-10-01,2025-10-31,-0.03405550429632942,-1.9234050052933402,-0.08212193437147661,965944.4957036705,lr1e-04_g0.97_net64x32_bs512
0.0001,0.97,"[64, 32]",1024,1,2025-02-01,2025-05-31,2025-06-01,2025-06-30,0.0144232117983496,0.8582119982838874,-0.026063812293171864,1014423.2117983495,lr1e-04_g0.97_net64x32_bs1024
0.0001,0.97,"[64, 32]",1024,2,2025-04-01,2025-07-31,2025-08-01,2025-08-31,0.08498422672585693,6.391956931525967,-0.03388541296360943,1084984.226725857,lr1e-04_g0.97_net64x32_bs1024
0.0001,0.97,"[64, 32]",1024,3,2025-06-01,2025-09-30,2025-10-01,2025-10-31,0.0343296750602089,2.6415914651470342,-0.0492828708849884,1034329.6750602089,lr1e-04_g0.97_net64x32_bs1024
0.0001,0.97,"[128, 64]",256,1,2025-02-01,2025-05-31,2025-06-01,2025-06-30,0.03396107567235562,4.389228260262807,-0.0306657512027926,1033961.0756723556,lr1e-04_g0.97_net128x64_bs256
0.0001,0.97,"[128, 64]",256,2,2025-04-01,2025-07-31,2025-08-01,2025-08-31,-0.016828749544156696,-2.048674586761199,-0.040656553022153874,983171.2504558433,lr1e-04_g0.97_net128x64_bs256
0.0001,0.97,"[128, 64]",256,3,2025-06-01,2025-09-30,2025-10-01,2025-10-31,0.022840212514307234,1.2649804616457079,-0.03595121581890126,1022840.2125143072,lr1e-04_g0.97_net128x64_bs256
0.0001,0.97,"[128, 64]",512,1,2025-02-01,2025-05-31,2025-06-01,2025-06-30,0.08083030613425835,6.788755747045617,-0.043741146802864464,1080830.3061342584,lr1e-04_g0.97_net128x64_bs512
0.0001,0.97,"[128, 64]",512,2,2025-04-01,2025-07-31,2025-08-01,2025-08-31,0.061208932304226416,7.574091672842321,-0.015226760892621148,1061208.9323042263,lr1e-04_g0.97_net128x64_bs512
0.0001,0.97,"[128, 64]",512,3,2025-06-01,2025-09-30,2025-10-01,2025-10-31,0.02622901578779424,1.3237499381158973,-0.039327295716987,1026229.0157877943,lr1e-04_g0.97_net128x64_bs512
0.0001,0.97,"[128, 64]",1024,1,2025-02-01,2025-05-31,2025-06-01,2025-06-30,0.06900266457079729,6.848472861631711,-0.03296649162837138,1069002.6645707972,lr1e-04_g0.97_net128x64_bs1024
0.0001,0.97,"[128, 64]",1024,2,2025-04-01,2025-07-31,2025-08-01,2025-08-31,0.023303968835455047,4.3130198275128935,-0.014779098936210537,1023303.968835455,lr1e-04_g0.97_net128x64_bs1024
0.0001,0.97,"[128, 64]",1024,3,2025-06-01,2025-09-30,2025-10-01,2025-10-31,0.09137280218734034,6.373891644100822,-0.03770417242382235,1091372.8021873403,lr1e-04_g0.97_net128x64_bs1024
